<!-- [ Mirror metadata ] generatedAt: 1433365806243 -->
<!-- Generated screen file. Fill the id tags below with content with
which to populate your previewed layout. For a complete specification
of sample data, please see http://jimulabs.com/sample-data-specifications/ 

Valid attributes on <screen> tag: theme="@style/someTheme" inEditMode="false" overlay="@drawable/mockup" -->
<screen>
    <_content layout="@layout/list_item_artist">
        <!-- ImageView Examples:
        <artist_view src="@drawable/image_resource" />
        <artist_view src="relative_path/image.jpg" /> -->
        <artist_view />
        <!-- TextView Examples:
        <artist_title text="@string/string_resource" />
        <artist_title text="Text literal" textSize="14sp" /> -->
        <artist_title />
        <artist_tracks />
    </_content>
</screen>
