<!-- [ Mirror metadata ] generatedAt: 1433365806247 -->
<!-- Generated screen file. Fill the id tags below with content with
which to populate your previewed layout. For a complete specification
of sample data, please see http://jimulabs.com/sample-data-specifications/ 

Valid attributes on <screen> tag: theme="@style/someTheme" inEditMode="false" overlay="@drawable/mockup" -->
<screen>
    <_content layout="@layout/list_item_card_small">
        <!-- ImageView Examples:
        <album_art src="@drawable/image_resource" />
        <album_art src="relative_path/image.jpg" /> -->
        <album_art />
        <!-- TextView Examples:
        <album_title text="@string/string_resource" />
        <album_title text="Text literal" textSize="14sp" /> -->
        <album_title />
        <album_artist />
    </_content>
</screen>
